Absolute Elem-wise Error,Absolute CR Error
9.017291666666667,0.07121416727701822
