Absolute Elem-wise Error,Absolute CR Error
0.4579166666666667,0.010208417574564616
