Absolute Elem-wise Error,Absolute CR Error
1.5922916666666667,0.026130785942077638
