Absolute Elem-wise Error,Absolute CR Error
5.063541666666667,0.021318626403808594
