Absolute Elem-wise Error,Absolute CR Error
5.3585416666666665,0.023935228983561197
