Absolute Elem-wise Error,Absolute CR Error
1.3472916666666668,0.023266172409057616
