Absolute Elem-wise Error,Absolute CR Error
0.9322916666666666,0.017130592664082844
