Absolute Elem-wise Error,Absolute CR Error
1.2958333333333334,0.02208384354909261
