Absolute Elem-wise Error,Absolute CR Error
6.9279166666666665,0.02020747184753418
