Absolute Elem-wise Error,Absolute CR Error
4.794791666666667,0.022122718493143716
