Absolute Elem-wise Error,Absolute CR Error
5.517083333333333,0.026295687357584637
