Collect Strategy,Absolute Elem-wise Error,Absolute CR Error
default,5.3585416666666665,0.0239354161795827
half,6.4925,0.03601666619166653
third,9.017291666666667,0.07121458232333287
